hypothesis,answer,index,strength_score
Multi-Scale Crowd-Density-Aware Gradient Reversal,"Proposal for Multi-Scale Crowd-Density-Aware Gradient Reversal

### Evaluation Report: Multi-Scale Crowd-Density-Aware Gradient Reversal

#### Overview of Research Candidate
The proposed research introduces a ""Multi-Scale Crowd-Density-Aware Gradient Reversal"" framework for object detection in Computer Generated (CG) crowds. The core objective is to mitigate precision degradation in high-occlusion regions, a common failure mode in current Domain Adaptive Neural Networks (DANN). By integrating an auxiliary density-map regression task, the framework aims to regularize the feature backbone to preserve granular spatial information—essential for detecting small, densely clustered objects—that is typically discarded by global domain alignment mechanisms.

#### Prior Work and Context
Current state-of-the-art architectures in deep learning, particularly Convolutional Neural Networks (CNNs) and high-resolution variants (e.g., HRNet), have established the baseline for feature extraction (Alzubaidi et al., 2021). However, domain adaptation research often relies on global feature alignment, which treats the entire image space uniformly, frequently sacrificing the feature fidelity of small, occluded objects (Alzubaidi et al., 2021; Frisoni et al., 2021). While existing literature has explored multi-task learning and auxiliary supervision in various domains—ranging from biomedical event extraction (Frisoni et al., 2021) to human activity recognition (Fu et al., 2020)—the specific application of crowd-density estimation as a spatial regularization constraint in a DANN-based crowd detection setting remains a niche, under-explored area. 

#### Technical Hypothesis
The hypothesis posits that crowd-density map prediction acts as a spatial ""anchor"" for the feature backbone. In standard DANN architectures, the domain classifier forces the encoder to learn domain-invariant features, often ignoring localized, high-frequency spatial patterns crucial for small object localization. By introducing an auxiliary regression head that leverages the high-precision ground-truth density maps available in synthetic datasets (GTA-V/CARLA), the network is forced to retain spatial resolution across multiple scales. This prevents the ""washing out"" of small object features during the adversarial alignment process, thereby improving detection performance in high-density, high-occlusion scenarios.

#### Evaluation Plan
*   **Datasets:** Synthetic crowd datasets (GTA-V and CARLA-derived) for training and domain alignment; real-world crowd datasets (e.g., CrowdHuman or similar) for cross-domain evaluation.
*   **Baselines:** Standard DANN, CycleGAN-based image translation models, and feature-level alignment methods without density-awareness.
*   **Metrics:** Mean Average Precision (mAP) for detection; Mean Absolute Error (MAE) and Mean Squared Error (MSE) for density map estimation accuracy; and standard crowd-specific metrics (e.g., counting accuracy in dense clusters).
*   **Ablations:** Compare performance with and without multi-scale auxiliary heads; vary the weight of the density-loss term to observe the trade-off between domain invariance and spatial resolution.
*   **Reproducibility:** Documentation of hyperparameters and specific random seeds to ensure deterministic results, following the rigor suggested for evaluation in related domains (Taha & Hanbury, 2015; Liberati et al., 2009).

#### Limitations and Risks
*   **Over-fitting to Synthetic Prior:** A significant risk is that the model may over-rely on synthetic density distributions, leading to poor generalization when transferred to real-world environments where density patterns are less ""perfect"" than those generated in CARLA/GTA-V.
*   **Computational Overhead:** Adding an auxiliary density regression task increases memory footprint and training time. Depending on the complexity of the density head, this could impact real-time detection performance.
*   **Task Conflict:** There is a potential for ""negative transfer"" or task interference where the gradients from the density-map head conflict with the adversarial domain-adaptation gradients, potentially destabilizing convergence.

#### Overall Evaluation
**Strengths:** The proposal is logically sound and addresses a recognized weakness (Query 9) in existing domain-adaptive object detection systems. The use of synthetic data to provide ""free"" supervision for auxiliary tasks is highly efficient and leverages the unique advantages of CG datasets.

**Feasibility:** High. The architecture builds on established DANN frameworks, and the density estimation task is a well-understood auxiliary objective.

**Novelty:** Moderate to High. While multi-task learning is common, its specific implementation as a gradient-regularizing constraint in domain-adaptive crowd detection—specifically to force spatial fidelity for small objects—is a distinct and valuable contribution. 

**Risk Mitigation:** The team should focus on balancing the loss functions to prevent the auxiliary task from dominating the primary detection task. Provided that care is taken to tune the regularization weights, this approach offers a compelling trajectory for advancing crowd detection robustness in unstructured, dense environments.


References

Alzubaidi, L., Zhang, J., Humaidi, A. J., Al-Dujaili, A. Q., & Duan, Y. (2021). Review of deep learning: Concepts, CNN architectures, challenges, applications, future directions. *Journal of Big Data*, *8*(1), 1–74. https://doi.org/10.1186/s40537-021-00444-8

Devlin, J., Chang, M.-W., Lee, K., & Toutanova, K. (2018). AI-assisted pipeline for dynamic generation of trustworthy health supplement content at scale. *DROPS (Schloss Dagstuhl – Leibniz Center for Informatics)*, *2022*(18). https://doi.org/10.4230/lipics.cosit.2022.18

Frisoni, G., Moro, G., & Carbonaro, A. (2021). A survey on event extraction for natural language understanding: Riding the biomedical literature wave. *IEEE Access*, *9*, 162985–163013. https://doi.org/10.1109/access.2021.3130956

Fu, B., Damer, N., Kirchbuchner, F., & Kuijper, A. (2020). Sensing technology for human activity recognition: A comprehensive survey. *IEEE Access*, *8*, 103006–103030. https://doi.org/10.1109/access.2020.2991891

Liberati, A., Altman, D. G., Tetzlaff, J., Mulrow, C. D., & Gøtzsche, P. C. (2009). The PRISMA statement for reporting systematic reviews and meta-analyses of studies that evaluate health care interventions: Explanation and elaboration. *PLoS Medicine*, *6*(7), Article e1000100. https://doi.org/10.1371/journal.pmed.1000100

Potash, P., Slonim, N., Walker, V. R., Deane, M., & Wyner, A. (2019). Proceedings of the 6th workshop on argument mining. *Unknown Venue*. https://doi.org/10.18653/v1/w19-45

Taha, A. A., & Hanbury, A. (2015). Metrics for evaluating 3D medical image segmentation: Analysis, selection, and tool. *BMC Medical Imaging*, *15*(1), Article 29. https://doi.org/10.1186/s12880-015-0068-x

Xu, T. (2024). Recent advances in Rapidly-exploring random tree: A review. *Heliyon*, *10*(1), Article e32451. https://doi.org/10.1016/j.heliyon.2024.e32451

",0,1.2753136439246187
Disentangled Adversarial Feature Alignment (DAFA),"Proposal for Disentangled Adversarial Feature Alignment (DAFA)

### Evaluation Report: Disentangled Adversarial Feature Alignment (DAFA)

#### Overview of Research Candidate
The proposed Disentangled Adversarial Feature Alignment (DAFA) method seeks to address the domain gap between computer-generated (CG) crowd datasets and real-world pedestrian detection. Unlike traditional Domain Adversarial Neural Networks (DANN) that perform global feature distribution matching, DAFA introduces a disentanglement constraint. It employs an auxiliary decoder to reconstruct image patches; if the reconstruction relies on synthetic artifacts (e.g., specific lighting or texture patterns), the adversarial loss is penalized. The goal is to force the latent space to retain only structural, domain-invariant features (body contours, spatial density), thereby reducing ""style"" overfitting to synthetic noise.

#### Prior Work and Context
The candidate addresses a well-documented challenge in deep learning: the limitations of synthetic-to-real transfer. Existing literature on deep learning architectures (Alzubaidi et al., 2021) and human activity recognition (Fu et al., 2020) highlights that while synthetic data is scalable, models often suffer from performance degradation when deployed in unstructured real-world scenarios. Current adversarial approaches (e.g., DANN) are criticized for their ""global"" nature, which fails to distinguish between semantic signal and domain-specific noise. The candidate acknowledges the risks identified in (Taha & Hanbury, 2015) regarding overfitting and proposes an architectural evolution—moving from simple global alignment to a fine-grained, disentangled representation learning strategy.

#### Technical Hypothesis
The hypothesis rests on the premise that synthetic-to-real transfer is hindered by the model’s inability to distinguish between *structural cues* and *rendering artifacts*. 
*   **Mechanism:** By integrating an auxiliary reconstruction task, the model is forced to demonstrate that its feature representations capture actual geometric information rather than rendering noise.
*   **Expected Outcome:** By penalizing the adversarial loss when reconstruction depends on non-semantic artifacts, the model should achieve a lower Log-Average Miss Rate (LAMR) on the CityPersons dataset, as the resulting detector becomes more robust to the stylistic variances of real-world urban environments.

#### Evaluation Plan
*   **Datasets:** Training on CG crowd datasets and evaluation on the CityPersons dataset for cross-domain validation.
*   **Baselines:** Standard DANN, Vanilla CNN detectors (without alignment), and state-of-the-art Domain Adaptation (DA) methods for object detection.
*   **Metrics:** Log-Average Miss Rate (LAMR) as the primary indicator of performance; additional metrics should include Mean Average Precision (mAP) to ensure that disentanglement does not negatively impact classification accuracy.
*   **Ablations:** Crucial ablations include: (1) Removing the reconstruction decoder, (2) varying the disentanglement weight ($\lambda$), and (3) testing with different synthetic noise levels to verify the robustness of the constraint.
*   **Reproducibility:** A systematic reporting approach is required, ideally following guidelines similar to the PRISMA framework (Liberati et al., 2009) to ensure transparency in hyper-parameter selection and training procedures.

#### Limitations and Risks
*   **Computational Overhead:** The auxiliary decoder increases training complexity. While GPU-accelerated deep learning frameworks (referenced in Alzubaidi et al., 2021) can mitigate this, the training time may be significantly higher than standard DANN.
*   **Over-disentanglement:** There is a risk that the model might discard useful semantic variations (e.g., realistic lighting shadows) along with the noise, potentially harming performance in diverse lighting conditions.
*   **Hyper-parameter Sensitivity:** As noted in (Xu, 2024) regarding complex systems, the performance of this method is likely sensitive to the weight balance between the reconstruction task and the object detection task.
*   **Generalization:** While the hypothesis focuses on CityPersons, it is unclear if the disentanglement learned is ""task-generic"" or if it requires retraining for different types of synthetic-to-real crowd tasks.

#### Overall Evaluation
**Strengths:** The candidate demonstrates strong novelty by addressing the ""style-overfitting"" problem in DA with a concrete, testable mechanism (reconstruction-based penalty). This shifts the focus from purely adversarial matching to semantically grounded feature extraction.

**Feasibility:** Highly feasible within current deep learning paradigms using standard CNN/HRNet architectures (Alzubaidi et al., 2021). The methodology is grounded in established adversarial concepts but refines them for the specific challenges of crowd object detection.

**Conclusion:** This is a promising research direction. The candidate successfully identifies a gap in current DA literature for object detection and proposes a mathematically sound mechanism for improvement. Provided that the ablation studies clearly demonstrate the necessity of the disentanglement constraint over standard regularization, this approach could significantly advance the usability of synthetic crowd datasets in real-world deployment.

**References**

Alzubaidi, L., Zhang, J., Humaidi, A. J., Al-Dujaili, A. Q., & Duan, Y. (2021). Review of deep learning: concepts, CNN architectures, challenges, applications, future directions. *Journal of Big Data*, *8*(1), 1-74. https://doi.org/10.1186/s40537-021-00444-8

Blackburn, S. M., Garner, R., Hoffmann, C., Khang, A. M., & McKinley, K. S. (2006). The DaCapo benchmarks. *Proceedings of the 21st Annual ACM SIGPLAN Conference on Object-Oriented Programming Systems, Languages, and Applications*, 169–190. https://doi.org/10.1145/1167473.1167488

Devlin, J., Chang, M.-W., Lee, K., & Toutanova, K. (2018). AI-assisted pipeline for dynamic generation of trustworthy health supplement content at scale. *DROPS*, *229*, 18. https://doi.org/10.4230/lipics.cosit.2022.18

Frisoni, G., Moro, G., & Carbonaro, A. (2021). A survey on event extraction for natural language understanding: Riding the biomedical literature wave. *IEEE Access*, *9*, 160472-160498. https://doi.org/10.1109/access.2021.3130956

Fu, B., Damer, N., Kirchbuchner, F., & Kuijper, A. (2020). Sensing technology for human activity recognition: A comprehensive survey. *IEEE Access*, *8*, 86847-86877. https://doi.org/10.1109/access.2020.2991891

Liberati, A., Altman, D. G., Tetzlaff, J., Mulrow, C. D., & Gøtzsche, P. C. (2009). The PRISMA statement for reporting systematic reviews and meta-analyses of studies that evaluate health care interventions: Explanation and elaboration. *PLoS Medicine*, *6*(7), e1000100. https://doi.org/10.1371/journal.pmed.1000100

Taha, A. A., & Hanbury, A. (2015). Metrics for evaluating 3D medical image segmentation: analysis, selection, and tool. *BMC Medical Imaging*, *15*(1), 1-28. https://doi.org/10.1186/s12880-015-0068-x

Xu, T. (2024). Recent advances in Rapidly-exploring random tree: A review. *Heliyon*, *10*(13), e32451. https://doi.org/10.1016/j.heliyon.2024.e32451

",3,0.7341678905147488
Synthetic Artifact Synthesis (SAS) Benchmark,"Proposal for Synthetic Artifact Synthesis (SAS) Benchmark

### Evaluation Report: Synthetic Artifact Synthesis (SAS) Benchmark

#### **Overview of Research Candidate**
The Synthetic Artifact Synthesis (SAS) benchmark is a proposed methodology to isolate and quantify the impact of specific computer graphics (CG) rendering artifacts—specifically lighting, texture, and geometry—on the performance of object detection models. By employing a ""Style-Transfer-In-The-Loop"" approach, the candidate seeks to decompose the synthetic-to-real domain gap into interpretable causal factors. The study focuses on crowd detection, leveraging the CrowdHuman dataset to determine how sensitive state-of-the-art (SOTA) detectors are to rendering discrepancies, such as hard-edge shadows, which may induce ""disproportionate detection failure.""

#### **Prior Work and Context**
The proposal positions itself against ""black box"" benchmarking methods currently prevalent in synthetic data research. While existing literature acknowledges the importance of benchmark selection for reproducibility and rigorous assessment—as demonstrated in the CAMI initiative (Sczyrba et al., 2017) and the evolution of benchmarking methodologies for software systems (Blackburn et al., 2006)—current synthetic-to-real transfer research is often treated as a monolithic problem. The proposed SAS framework mirrors the logic seen in systematic review protocols (Liberati et al., 2009) and sensor-driven performance analysis (Fu et al., 2020), attempting to move from monolithic validation to a granular, component-based understanding of why synthetic data fails.

#### **Technical Hypothesis**
The candidate posits that detection failure is not a global lack of data fidelity but is causally linked to specific, controllable rendering artifacts. By isolating these parameters (e.g., lighting intensity/shadow hardness), the researcher expects to reveal that current detectors are hypersensitive to specific CG-native visual signals. This mechanism is intended to transform the synthetic data pipeline from a trial-and-error generative process into a controlled, explainable engineering pipeline, effectively providing a diagnostic tool for model robustness.

#### **Evaluation Plan**
*   **Datasets:** CrowdHuman as the primary testbed; synthetic equivalents generated under varying rendering parameters.
*   **Baselines:** Standard SOTA object detectors (e.g., YOLO, Faster R-CNN, or HR.Net architectures mentioned in Alzubaidi et al., 2021).
*   **Metrics:** Must move beyond simple Average Precision (AP). The proposal should integrate multi-dimensional metrics to quantify sensitivity, potentially drawing from 3D segmentation evaluation frameworks (Taha & Hanbury, 2015) to ensure that performance drops are statistically correlated with specific artifact injection levels.
*   **Ablations:** Systematic variation of lighting/texture/geometry parameters to generate sensitivity curves.
*   **Reproducibility:** A critical requirement for this benchmark is defining the ""Style-Transfer-In-The-Loop"" parameter space clearly, similar to the importance of parameter transparency noted in (Sczyrba et al., 2017).

#### **Limitations and Risks**
*   **The ""Complexity of Attribution"" Gap:** As noted in (Frisoni et al., 2021), extracting events and relations from complex systems is fraught with challenges. Attributing a detection failure *solely* to a ""hard-edge shadow"" may be reductive; failure might actually be a compounded result of the interaction between shadows and object scale, which the proposed methodology might struggle to decouple.
*   **Generalization vs. Specificity:** A benchmark focused heavily on CG-specific artifacts in the CrowdHuman dataset risks overfitting to the peculiar visual biases of that specific CG engine or scene configuration, potentially failing to generalize to real-world deployment scenarios.
*   **Resource Intensity:** Like the comprehensive benchmarking of metagenome interpretation (Sczyrba et al., 2017), the computational cost of generating a large-scale, parameter-swept synthetic dataset may be prohibitively high, potentially limiting adoption.

#### **Overall Evaluation**
**Strengths:** The candidate demonstrates strong conceptual merit by shifting from ""black box"" evaluation to a ""causal/diagnostic"" approach. This addresses a significant gap in the current literature, which often lacks the interpretability required for systematic improvements in computer vision.

**Weaknesses:** The proposal remains high-level regarding the specific implementation of the ""Style-Transfer-In-The-Loop"" mechanism. There is a risk that the ""Complexity of Attribution"" (Frisoni et al., 2021) will impede the ability to definitively isolate these variables, leading to ambiguous results.

**Feasibility/Impact:** Highly feasible if the researcher narrows the scope of ""artifacts"" to a small, tractable set. The potential impact is significant: if successful, SAS could become a standard diagnostic suite for researchers to ""stress test"" detectors against synthetic biases before deployment. However, to ensure rigor, the proposal must strictly define its taxonomy of artifacts and adopt robust statistical metrics for failure attribution, ensuring the work is reproducible and not just anecdotal.

### References

Alzubaidi, L., Zhang, J., Humaidi, A. J., Al-Dujaili, A. Q., & Duan, Y. (2021). Review of deep learning: Concepts, CNN architectures, challenges, applications, future directions. *Journal of Big Data*, *8*(1), Article 53. https://doi.org/10.1186/s40537-021-00444-8

Blackburn, S. M., Garner, R., Hoffmann, C., Khang, A. M., & McKinley, K. S. (2006). The DaCapo benchmarks. *Proceedings of the 21st Annual ACM SIGPLAN Conference on Object-Oriented Programming Systems, Languages, and Applications*, 169–190. https://doi.org/10.1145/1167473.1167488

Frisoni, G., Moro, G., & Carbonaro, A. (2021). A survey on event extraction for natural language understanding: Riding the biomedical literature wave. *IEEE Access*, *9*, 161046–161065. https://doi.org/10.1109/access.2021.3130956

Fu, B., Damer, N., Kirchbuchner, F., & Kuijper, A. (2020). Sensing technology for human activity recognition: A comprehensive survey. *IEEE Access*, *8*, 87094–87114. https://doi.org/10.1109/access.2020.2991891

Liberati, A., Altman, D. G., Tetzlaff, J., Mulrow, C. D., & Gøtzsche, P. C. (2009). The PRISMA statement for reporting systematic reviews and meta-analyses of studies that evaluate health care interventions: Explanation and elaboration. *PLoS Medicine*, *6*(7), Article e1000100. https://doi.org/10.1371/journal.pmed.1000100

Sczyrba, A., Hofmann, P., Belmann, P., Koslicki, D., & Janssen, S. (2017). Critical assessment of metagenome interpretation—a benchmark of metagenomics software. *Nature Methods*, *14*(11), 1063–1071. https://doi.org/10.1038/nmeth.4458

Taha, A. A., & Hanbury, A. (2015). Metrics for evaluating 3D medical image segmentation: Analysis, selection, and tool. *BMC Medical Imaging*, *15*, Article 29. https://doi.org/10.1186/s12880-015-0068-x

Xu, T. (2024). Recent advances in Rapidly-exploring random tree: A review. *Heliyon*, *10*(13), Article e32451. https://doi.org/10.1016/j.heliyon.2024.e32451

",4,-0.6698271781464558
Contrastive Learning of Crowded Semantic Invariants,"Proposal for Contrastive Learning of Crowded Semantic Invariants

### Evaluation Report: Contrastive Learning of Crowded Semantic Invariants

#### Overview of Research Candidate
The proposed research aims to enhance object detection performance in high-density (crowded) environments by shifting from standard discriminative domain alignment to a contrastive learning framework. The candidate hypothesis posits that by treating occluded individuals as ""positive"" pairs across synthetic (computer-generated) and real-world domains, the model will learn a more robust ""occlusion signature."" This approach seeks to mitigate the performance degradation typically observed when transferring detection models trained on CG data to complex, real-world scenes where occlusion is a primary failure mode.

#### Prior Work and Context
Current state-of-the-art object detection relies heavily on Deep Learning (DL) architectures (Alzubaidi et al., 2021). While traditional adversarial alignment (e.g., Domain Adversarial Neural Networks - DANN) has been a standard for domain adaptation, existing literature suggests that adversarial approaches often struggle with ""long-tail"" distributions and dominant background noise in dense scenes (Alzubaidi et al., 2021). Unlike general-purpose domain adaptation, which aligns global distributions, this proposal focuses on instance-level semantic invariance. This aligns with trends in computer vision that move beyond simple feature alignment toward task-specific, entity-aware representation learning (Frisoni et al., 2021; Fu et al., 2020). 

#### Technical Hypothesis
The hypothesis is rooted in the assumption that standard alignment forces a global feature distribution that does not account for the specific visual challenges of crowding—namely, the loss of identifiable human features due to occlusion. By utilizing a contrastive loss (e.g., Supervised Contrastive Learning) to cluster ""occluded human"" embeddings together regardless of the source domain, the model is expected to:
1. **Reduce Domain Shift in Semantic Sub-spaces:** By forcing the model to map synthetic occluded pedestrians and real occluded pedestrians into the same embedding neighborhood, the model learns the invariant geometric/visual cues of occlusion.
2. **Improve Recall:** By identifying ""occlusion signatures,"" the model should decrease false negatives (missed pedestrians) in high-density regions where traditional detectors rely on clear, non-occluded visual prototypes.

#### Evaluation Plan
*   **Datasets:** Experiments should utilize CG-based crowd datasets (e.g., synthetic datasets often used for transfer learning) and standard benchmarks for real-world dense crowd detection.
*   **Baselines:** Must compare against (1) standard Faster R-CNN/YOLO architectures without domain adaptation, (2) DANN or other standard adversarial alignment baselines, and (3) baseline contrastive models without the occlusion-specific pairing strategy.
*   **Metrics:** Given the task of detection in crowds, evaluation must move beyond simple Mean Average Precision (mAP). It should incorporate metrics specific to high-density crowds (e.g., recall vs. occlusion level, localization error in crowded clusters).
*   **Ablations:** Perform ablations to measure the sensitivity of the contrastive loss to the occlusion-positive pair weighting.
*   **Reproducibility:** Adhere to standardized reporting frameworks (akin to PRISMA principles (Liberati et al., 2009) for systematic evaluation) to ensure the methodology and hyperparameter tuning are transparent.

#### Limitations and Risks
*   **Feature Dominance:** If the ""occlusion signature"" is too subtle, the model may overfit to specific patterns of synthetic occlusion, leading to poor generalization in real-world scenarios with different types of noise (e.g., motion blur, weather).
*   **Computational Overhead:** Contrastive learning frameworks, particularly those requiring complex pairing strategies, may significantly increase training time and memory requirements (Alzubaidi et al., 2021).
*   **Optimization Challenges:** As noted in robotics and planning literature (Xu, 2024), designing hyper-parameters for such specialized models can be brittle. There is a risk that the model becomes hyper-specialized to a specific level of density, struggling with sparse-to-dense transitions.

#### Overall Evaluation
**Strengths:** The research addresses a well-defined gap in CG-to-real transfer learning—the failure mode of occlusion. The shift from global adversarial alignment to semantic instance-level contrastive learning is conceptually sound and follows a logical trajectory in deep learning research.

**Weaknesses/Risks:** The primary risk is the ""gap"" between synthetic and real occlusion signatures; if the CG generation does not perfectly simulate the *real* physics of occluded human bodies, the model may learn false invariants. 

**Feasibility:** Highly feasible, provided the researcher has access to high-fidelity CG datasets that include accurate occlusion masks or metadata. 

**Novelty:** The proposal is moderately novel. While contrastive learning is popular, its application specifically as a corrective mechanism for the ""background dominance"" issue in CG crowd datasets provides a targeted, useful contribution to the field of information engineering and computer vision.

### References

Alzubaidi, L., Zhang, J., Humaidi, A. J., Al-Dujaili, A. Q., & Duan, Y. (2021). Review of deep learning: concepts, CNN architectures, challenges, applications, future directions. *Journal of Big Data*, *8*(1), 53. https://doi.org/10.1186/s40537-021-00444-8

Devlin, J., Chang, M.-W., Lee, K., & Toutanova, K. (2018). AI-Assisted Pipeline for Dynamic Generation of Trustworthy Health Supplement Content at Scale. *DROPS*, 18. https://doi.org/10.4230/lipics.cosit.2022.18

Frisoni, G., Moro, G., & Carbonaro, A. (2021). A Survey on Event Extraction for Natural Language Understanding: Riding the Biomedical Literature Wave. *IEEE Access*, *9*, 161836–161852. https://doi.org/10.1109/access.2021.3130956

Fu, B., Damer, N., Kirchbuchner, F., & Kuijper, A. (2020). Sensing Technology for Human Activity Recognition: A Comprehensive Survey. *IEEE Access*, *8*, 98774–98797. https://doi.org/10.1109/access.2020.2991891

Liberati, A., Altman, D. G., Tetzlaff, J., Mulrow, C. D., & Gøtzsche, P. C. (2009). The PRISMA Statement for Reporting Systematic Reviews and Meta-Analyses of Studies That Evaluate Health Care Interventions: Explanation and Elaboration. *PLoS Medicine*, *6*(7), e1000100. https://doi.org/10.1371/journal.pmed.1000100

Potash, P., Slonim, N., Walker, V. R., Deane, M., & Wyner, A. (2019). Proceedings of the 6th Workshop on Argument Mining. *Unknown Venue*. https://doi.org/10.18653/v1/w19-45

Taha, A. A., & Hanbury, A. (2015). Metrics for evaluating 3D medical image segmentation: analysis, selection, and tool. *BMC Medical Imaging*, *15*(1), 29. https://doi.org/10.1186/s12880-015-0068-x

Xu, T. (2024). Recent advances in Rapidly-exploring random tree: A review. *Heliyon*, *10*(13), e32451. https://doi.org/10.1016/j.heliyon.2024.e32451

",2,-0.669827178146456
Latency-Constrained Domain Generalization (LCDG),"Proposal for Latency-Constrained Domain Generalization (LCDG)

### Evaluation Report: Latency-Constrained Domain Generalization (LCDG)

#### Overview of Research Candidate
The proposed research, **Latency-Constrained Domain Generalization (LCDG)**, seeks to bridge the gap between high-fidelity domain-aligned object detection and real-time surveillance requirements. The candidate proposes a training framework that integrates ""deployment-aware constraints""—specifically pruning-in-the-loop and knowledge distillation—to optimize domain-invariant feature extractors. The goal is to retain the robustness of deep, high-capacity models (the ""teacher"") while distilling their representative power into lightweight, high-speed architectures (the ""student"") suitable for edge-based crowd scene analysis.

#### Prior Work and Context
The literature identifies a well-documented tension between model depth/complexity and real-time performance, particularly in computer vision tasks (Alzubaidi et al., 2021). Current state-of-the-art approaches in deep learning often emphasize high-resolution networks or complex feature alignment that, while accurate, pose significant deployment challenges (Alzubaidi et al., 2021). 
*   **Connection to Existing Work:** This proposal aligns with the trend of moving beyond simple performance optimization toward holistic efficiency, echoing shifts seen in other domains where researchers are balancing algorithm complexity with hardware limitations (e.g., in robotic path planning (Xu, 2024) or medical image segmentation efficiency (Taha & Hanbury, 2015)).
*   **Differentiation:** Unlike standard domain adaptation, which often assumes fixed high-capacity architectures, LCDG explicitly treats latency as a primary constraint within the loss function or optimization process, moving toward ""deployment-aware"" model development.

#### Technical Hypothesis
The hypothesis posits that a teacher-student distillation process, constrained by real-time latency requirements, can preserve domain-invariant features in a smaller footprint. The mechanism relies on transferring the latent space representation of a fully-aligned high-capacity model to a ""student"" backbone. By incorporating structural pruning or distillation during the training phase rather than as an after-the-fact optimization, the model is expected to learn to prioritize features that are both domain-invariant and computationally efficient, theoretically reducing inference latency by 30% while maintaining the Log-Average Miss Rate (LAMR) performance—a critical metric for crowd detection.

#### Evaluation Plan
*   **Datasets:** Evaluation must be performed on standard Computer Generated (CG) crowd datasets (e.g., synthetic benchmarks) as well as real-world surveillance corpora to validate the domain generalization efficacy.
*   **Baselines:**
    *   **Unconstrained Domain Adaptation:** High-capacity models (e.g., HRNet variants (Alzubaidi et al., 2021)) to serve as the upper-bound teacher.
    *   **Vanilla Lightweight Backbones:** Standard efficient architectures (e.g., MobileNet/Tiny-YOLO) without domain-alignment training.
    *   **Standard Pruning Methods:** Post-training compression baselines.
*   **Metrics:**
    *   **Effectiveness:** LAMR (Log-Average Miss Rate), precision, and recall.
    *   **Efficiency:** Inference time (latency) measured in ms per frame, FLOPs, and model parameter count.
*   **Reproducibility:** Implementation must include documentation of hardware-specific optimizations (e.g., GPU/FPGA acceleration, as identified in (Alzubaidi et al., 2021)), and utilize established benchmarking methodologies for code complexity and execution time (Blackburn et al., 2006).

#### Limitations and Risks
*   **Hyper-parameter Sensitivity:** Distillation frameworks often introduce complex hyper-parameters that are notoriously difficult to tune, potentially leading to instability during training (Xu, 2024).
*   **Generalization vs. Efficiency:** There is a high risk of ""information loss"" during distillation; the student may struggle to capture complex, long-range dependencies required for detecting individuals in highly occluded crowd scenes.
*   **Hardware Dependency:** The 30% latency reduction is likely hardware-dependent. If the evaluation does not specify the deployment environment (e.g., edge GPU vs. general CPU), the results may lack external validity (Alzubaidi et al., 2021; Blackburn et al., 2006).
*   **Metric Selection:** While LAMR is standard for detection, ensure that the evaluation framework adopts robust statistical metrics to confirm that performance gains are not due to chance, as suggested by best practices in performance review (Taha & Hanbury, 2015; Blackburn et al., 2006).

#### Overall Evaluation
**Strengths:** The proposal is grounded in a significant, well-recognized research gap: the ""deployment-accuracy trade-off"" in surveillance. It moves away from the ""bigger-is-better"" trend toward an engineering-focused, practical solution.
**Feasibility:** High. Teacher-student distillation is a mature technology, and pruning-in-the-loop is an established research direction.
**Novelty:** Moderate. While distillation is common, applying it specifically to ""domain-aligned backbones"" for real-time crowd detection provides a meaningful contribution to the field. 
**Conclusion:** The candidate presents a highly viable and necessary research direction. If the proponent successfully controls for the risks of information loss during distillation and defines a clear hardware target, this work could provide a significant improvement in the usability of domain-aligned detection models in real-world scenarios.

### References

Alzubaidi, L., Zhang, J., Humaidi, A. J., Al-Dujaili, A. Q., & Duan, Y. (2021). Review of deep learning: concepts, CNN architectures, challenges, applications, future directions. *Journal of Big Data*, *8*(1), 1-74. https://doi.org/10.1186/s40537-021-00444-8

Blackburn, S. M., Garner, R., Hoffmann, C., Khang, A. M., & McKinley, K. S. (2006). The DaCapo benchmarks. *Proceedings of the 21st Annual ACM SIGPLAN Conference on Object-Oriented Programming Systems, Languages, and Applications*, 169-190. https://doi.org/10.1145/1167473.1167488

Frisoni, G., Moro, G., & Carbonaro, A. (2021). A survey on event extraction for natural language understanding: Riding the biomedical literature wave. *IEEE Access*, *9*, 162985-163013. https://doi.org/10.1109/access.2021.3130956

Fu, B., Damer, N., Kirchbuchner, F., & Kuijper, A. (2020). Sensing technology for human activity recognition: A comprehensive survey. *IEEE Access*, *8*, 103010-103028. https://doi.org/10.1109/access.2020.2991891

Liberati, A., Altman, D. G., Tetzlaff, J., Mulrow, C. D., & Gøtzsche, P. C. (2009). The PRISMA statement for reporting systematic reviews and meta-analyses of studies that evaluate health care interventions: Explanation and elaboration. *PLoS Medicine*, *6*(7), e1000100. https://doi.org/10.1371/journal.pmed.1000100

Potash, P., Slonim, N., Walker, V. R., Deane, M., & Wyner, A. (2019). Proceedings of the 6th Workshop on Argument Mining. *Association for Computational Linguistics*. https://doi.org/10.18653/v1/w19-45

Taha, A. A., & Hanbury, A. (2015). Metrics for evaluating 3D medical image segmentation: analysis, selection, and tool. *BMC Medical Imaging*, *15*, 1-28. https://doi.org/10.1186/s12880-015-0068-x

Xu, T. (2024). Recent advances in Rapidly-exploring random tree: A review. *Heliyon*, *10*(13), e32451. https://doi.org/10.1016/j.heliyon.2024.e32451

",1,-0.669827178146456
